sku,theme
grid-product product-id-5291599560842   tw-relative,Stress Relief Collection
grid-product product-id-6850442821770   tw-relative,Self-Esteem Collection
grid-product product-id-5317660999818   tw-relative,Self-Esteem Collection
grid-product product-id-6608843702410   tw-relative,Creativity Collection
grid-product product-id-5339396046986   tw-relative,Change Collection
grid-product product-id-5345238974602   tw-relative,Conflict Resolution Collection
grid-product product-id-5291599593610   tw-relative,Gratitude Collection
grid-product product-id-5345901707402   tw-relative,Emotional Courage Collection
grid-product product-id-5336597528714   tw-relative,Self-Expression Collection
grid-product product-id-6850442395786   tw-relative,Creativity Collection
grid-product product-id-5345957052554   tw-relative,Growth Mindset Collection
grid-product product-id-5345973239946   tw-relative,Building Connections Collection
grid-product product-id-6828665536650   tw-relative,Self-Acceptance
grid-product product-id-6855236059274   tw-relative,Stress Relief Collection
grid-product product-id-5291599626378   tw-relative,Routines Collection
grid-product product-id-5345984708746   tw-relative,Grief and Loss Collection
grid-product product-id-6850442723466   tw-relative,Authenticity Collection
grid-product product-id-5345989460106   tw-relative,Authenticity Collection
grid-product product-id-6546482921610   tw-relative,Self-Acceptance Collection
grid-product product-id-5345993064586   tw-relative,Mindfulness Collection
