content,product_id,product_name,title,name,verified_buyer,votes_up
Little bit of a aftertaste,4732625846323,French Vanilla Super Coffee,Little bit of a aftertaste,Michael C.,true,20
Love this coffee! Love new French vanilla. Love the taste and no sugar!!!,4732625846323,French Vanilla Super Coffee,Super coffer,Susan R.,true,4
Love it,4732625846323,French Vanilla Super Coffee,Love it,Jason H.,true,3
haven&#x27;t had the creamer yet (still have hazelnut left from last shipment) but the mocha cans are fantastic!!!,4721423056947,Plant-Based Power-Up,yum,Lisa K.,true,0
I love the product but your delivery leaves a lot to be desired. The last two packages delivered to my house have had creamer. When delivered the creamer is leaking all over my porch and unusable.,4721423056947,Plant-Based Power-Up,Love the product,Bonnie H.,true,0
"THANK YOU for making an amazing product that tastes incredible and gives me more focused, healthy energy than ever before!",4700383739955,Super Coffee Ground Variety Pack,BEST GROUND COFFEE EVER!!!!,Jordan C.,true,1
Nothing to write home about. Slightly metallic taste that only gets worse when you add the creamer.,4700383739955,Super Coffee Ground Variety Pack,Average at Best,Meghan K.,true,1
Great flavor,4700383739955,Super Coffee Ground Variety Pack,Great flavor,Kalia F.,true,1
"I love Super Coffee&#x27;s Cold Brew Bold and Smooth. I have tried it with their Sweet Sweet Creamer and recently their Pumpkin Creamer. It&#x27;s the best Cold Brew I have had. I love the smooth but bold flavor. I add ice to my cup, pour the cold brew over the ice. Then I add the creamer and mix it in. I find if you let it sit for a few minutes and them stir. The flavor is so rich. I definitely highly recommend it!",4721424826419,Iced Perfecta,The Best Cold Brew Ever!,Shannon S.,true,0
"This was such a great addition to my morning!!! I love the tastes and to think there are nutrition benefits also! Wow!
I‚Äôm hooked!!! Thank you!",4721423253555,Power Couple,Amazing!!!,Barbara O.,true,1
Taste is very good‚Ä¶most important to us is that it‚Äôs healthier.,4721423253555,Power Couple,Love it.,Linda G.,true,0
The super coffee grounds and the creamer is great!,4721423253555,Power Couple,Love it,April F.,true,0
Flavor is very good,4721424629811,Plant-Based & Chill,GREAT PAIRING,tia p.,true,0
"Nothing beats the sweet cream flavor! Smooth, creamy, and delicious!",4732626075699,Sweet Cream Super Coffee,My favorite!,Ashley K.,true,3
"This is just the best!! It‚Äôs so creamy, sweet but not too sweet, and gets my energy levels pumping! Keep doing your thing Super coffee Team!",4732626075699,Sweet Cream Super Coffee,Tastebuds prepare to explode,Nicole R.,true,3
This is my ALL time favorite product and flavor! Of course it‚Äôs sold out lol wish I had bought more now! Can‚Äôt wait to get it again and now I have to hide my last few cans from myself lol!! Props Super Coffee!!,4732626075699,Sweet Cream Super Coffee,Oh no sold out!,Christy B.,true,3
The dark roast pod with the sweet cream creamer is my favorite combination. Right now it is my go-to morning coffee.,4721423712307,Pods ‚Äòn‚Äô Cream,Perfect Combination,Wendy N.,true,0
Seriously... couldn&#x27;t get enough coffee before... now addicted to the k-cups. When will my love for Super Coffee end?! Never. The answer is never.,4721423712307,Pods ‚Äòn‚Äô Cream,Another &quot;must have&quot;,Jennifer W.,true,0
It‚Äôs really good,4721423712307,Pods ‚Äòn‚Äô Cream,It‚Äôs really good,Kathy W.,true,0
LOVE LOVE LOVE!,4721424007219,Variety Brews,Super coffee,Marguerite M.,true,2
"Love, love, love",4721424007219,Variety Brews,Always delicious,Kara C.,true,2
"I have completely quit crappy coffee like Starbucks, Dunkin Donuts and Panera. When I try and drink it now it tastes gross and leaves me feeling like crap.",4721424007219,Variety Brews,I am obsessed with this coffee,Danielle G.,true,2
Great,6595000565811,Go Hazelnutz,Great,Pat C.,true,0
The creamer wasn‚Äôt as thick creamy like the regular hazelnut (prefer).,6568636579891,Toasted Hazelnut Super Creamer,Not as creamy like regular (non plant-based),Catalina K.,true,0
Love the rich taste it adds to my coffee,6568636579891,Toasted Hazelnut Super Creamer,Love the rich taste it,Stacey G.,true,0
"Fantastic company and products! I look forward to my morning coffee. Hazelnut is my favorite but all the flavors are delicious, grateful for a plant based non- sugar bomb creamer.",6568636579891,Toasted Hazelnut Super Creamer,Fantastic company and products! I,Mary S.,true,0
"I love having a coffee after my morning walks. Vanilla is creamy with rich flavor, and mocha never disappoints! Just right!",4721377116211,Coffee Hall of Fame,I love having a coffee,Valerie R.,true,3
"Great, healthy choice to start my morning.",4721377116211,Coffee Hall of Fame,Love it,Teresa B.,true,3
"Super Coffee has to be the best flavored, energy packed coffee on the market. I used to have a Starbucks with espresso problem, and a daily Cafe Bustello/espresso coffee. But all are so heavy! Super Coffee is the best of all things COFFEE with a punch. Tastes amazing, energy boosts without jitters, and light on the stomach so you don&#x27;t feel overly full and weighed down. I could go on and ON!!! I&#x27;m so glad I found Super Coffee and have shared with all of my special diet friends from Gluten-free to Vegan and they are also impressed!!!!",4721377116211,Coffee Hall of Fame,New coffee addiction,Deanna W.,true,2
"Blueberry Latte caused me to lose sleep last night, not because I drank it too late in the day yesterday but because I was so excited to try it this morning. Wow! Blueberry Latte exceeded my expectations. With the sharp crack of the plastic as I twisted open the cap my mouth started to water. As I peeled off the aluminum seal of freshness my nose detected a faint smell of blueberries in the air and my excitement elevated. I lifted the bottle to my lips and the smooth and creamy coffee poured into my mouth coating my tastebuds with a sweet nectar they had never tasted before but immediately knew they couldn‚Äôt get enough. The taste profile of the blueberry latte is perfectly balanced between coffee and blueberry that is strong enough to enjoy but is in no was too much. It blows my mind that this flavor profile is created with ZERO sugar! It‚Äôs the perfect drink.",6542291796019,Blueberry Muffin Super Coffee,Blue my mind berry,Kevin S.,true,66
The most refreshing bottled coffee ever. It‚Äôs perfect for summer. I‚Äôm FEELING IT. Thank you Super Fam!,6542291796019,Blueberry Muffin Super Coffee,Beyond incredible!!,Ben K.,true,20
I love the Blueberry Latte but won&#x27;t be ordering again. I feel they charge too much money. I can buy super coffee in my local grocery store for 2.00 each when on sale. Also when I ordered the blueberry an offer showed up for super creamer for 7.99. Knowing they sell the creamer in a 3 pack I was under the impression I was getting a 3-pack for a special price. Who in their right mind would pay 7.99 for a container of cream? Apparently me the idiot. I can buy the creamer in my local grocery store for under 4.00. So I will now only buy these products on sale at my local store. Thanks for showing loyalty doesn&#x27;t really matter. I also emailed them about this and got no response and left a comment on an instagram post. No one reached out proves they don&#x27;t care. Save your money buy local.,6542291796019,Blueberry Muffin Super Coffee,Blueberry Latte,Elizabeth S.,true,8
"Blueberry Latte caused me to lose sleep last night, not because I drank it too late in the day yesterday but because I was so excited to try it this morning. Wow! Blueberry Latte exceeded my expectations. With the sharp crack of the plastic as I twisted open the cap my mouth started to water. As I peeled off the aluminum seal of freshness my nose detected a faint smell of blueberries in the air and my excitement elevated. I lifted the bottle to my lips and the smooth and creamy coffee poured into my mouth coating my tastebuds with a sweet nectar they had never tasted before but immediately knew they couldn‚Äôt get enough. The taste profile of the blueberry latte is perfectly balanced between coffee and blueberry that is strong enough to enjoy but is in no was too much. It blows my mind that this flavor profile is created with ZERO sugar! It‚Äôs the perfect drink.",6542291796019,Blueberry Muffin Super Coffee,Blue my mind berry,Kevin S.,true,66
The most refreshing bottled coffee ever. It‚Äôs perfect for summer. I‚Äôm FEELING IT. Thank you Super Fam!,6542291796019,Blueberry Muffin Super Coffee,Beyond incredible!!,Ben K.,true,20
I love the Blueberry Latte but won&#x27;t be ordering again. I feel they charge too much money. I can buy super coffee in my local grocery store for 2.00 each when on sale. Also when I ordered the blueberry an offer showed up for super creamer for 7.99. Knowing they sell the creamer in a 3 pack I was under the impression I was getting a 3-pack for a special price. Who in their right mind would pay 7.99 for a container of cream? Apparently me the idiot. I can buy the creamer in my local grocery store for under 4.00. So I will now only buy these products on sale at my local store. Thanks for showing loyalty doesn&#x27;t really matter. I also emailed them about this and got no response and left a comment on an instagram post. No one reached out proves they don&#x27;t care. Save your money buy local.,6542291796019,Blueberry Muffin Super Coffee,Blueberry Latte,Elizabeth S.,true,8
Nice &quot;rich&quot; flavor!,4670729879603,Dark Roast Super Pods,Nice &quot;rich&quot; flavor!,Jean T.,true,2
Great!,4670729879603,Dark Roast Super Pods,Great!,Patti M.,true,1
"I‚Äôm actually here at work drinking your coffee right now as we speak. The flavor is good. It gives me energy. I love the hazelnut creamer, you don‚Äôt need to add any more sugar on the coffee for me it‚Äôs a light sweet that you need instead of pouring tons of sugar in it. You don‚Äôt need it.",4670729879603,Dark Roast Super Pods,I‚Äôm actually here at work,Nelson G.,true,1
Great tasting coffee pod with a great caffeine kick. It was a great surprise and it pairs great with the Super Creamer!!!,4658347409459,Maple Pumpkin Super Pods,Great taste and great kick,Brandon A.,true,144
I cannot even use them in my Keurig so they are useless for me. I also purchased the creamer which is terrible. It has a horrible aftertaste. The entire purchase was not at all what I was expecting unfortunately,4658347409459,Maple Pumpkin Super Pods,I cannot even use them,Jacki S.,true,4
This coffee smells like comfort food and tastes like Fall. LOVE it!,4658347409459,Maple Pumpkin Super Pods,This coffee smells like comfort,Lois K.,true,3
I thought I loved Super Coffee and then they came out with their vegan formulation....so stinking good. Love it.,4534977888307,Coconut Mocha Super Coffee,Love love love!!,Melony P.,true,109
This is an awesome drink. I feel the energy almost immediately after drinking this coffee. It tastes great and goes down smooth!,4534977888307,Coconut Mocha Super Coffee,Awesome,Adan E.,true,41
I have only found this item on line and was excited to try it. My two favorite flavors are chocolate and coconut. This product did not disappoint. So creamy and just the right balance between the two flavors.,4534977888307,Coconut Mocha Super Coffee,Coconut Mocha Super Coffee is my Favorite!,Tammy H.,true,19
Best flavored pod I have had! Usually the flavor doesn‚Äôt taste anything like it should with other flavor pods. This one actually tastes like chocolate.,4670731845683,Mocha Super Pods,Yum,Casey D.,true,20
Absolutely love it,4670731845683,Mocha Super Pods,Excellent Mocha flavor,Misty P.,true,1
Great coffee,4670731845683,Mocha Super Pods,Great coffee,Richard R.,true,1
"Finally!! A coffee that doesn&#x27;t cost $6 per cup, isn&#x27;t loaded with sugar, and has a great taste. Very well done!",1406083694643,Super Coffee Variety Pack,Best Coffee,Noah W.,true,172
"I&#x27;m glad I got the chance to try it before buying more. I like strong coffee, but this is way too strong for me. Also, I don&#x27;t like the sweetener being used. It leaves a weird aftertaste. The only way I can drink it is to dilute it with milk, so it won&#x27;t go to waste.",1406083694643,Super Coffee Variety Pack,Too Strong / too sweet,Ellen G.,true,38
Love love love super coffee. Thank you again for making my shipment right. Will purchase again. Merry Christmas üéÑüéÅ,1406083694643,Super Coffee Variety Pack,Outstanding,Jeanne M.,true,25
SOOOOOO delicious. It‚Äôs got enough of a caramel sweet pop to it with a good taste of coffee to balance it out. It‚Äôs not sugary sweet but a rich smooth sweet. I also have blended this up as a blended coffee too! So versatile!,1729256489011,Caramel Super Espresso,Creamy sweet goodness!,Jane M.,true,11
"I absolutely love the taste of this product, the energy it gives, and the health aspect!!!!! I would recommend it to anyone!!!!",1729256489011,Caramel Super Espresso,LOVE IT!!!!!,Lisa R.,true,3
So good. Easy. I‚Äôm passing up my Starbucks routine to stay home and drink these!! Love it!,1729256489011,Caramel Super Espresso,So good. Easy. I‚Äôm passing,Dania J.,true,2
"Speedy shipping, I had been having some problem with shipping, but I reached out and they immediately corrected the issues, completely fits my keto and weight loss lifestyle, and the taste is AMAZING, I recommend it to everyone! It‚Äôs how I start everyday! I‚Äôve been a customer for about 6 months now and I plan on staying one for life.",1406004985907,Hazelnut Latte Super Coffee,How I start every single day!,Rebecca B.,true,10
"This is the perfect coffee solution for me. The taste is great, it is not too acidic, and it gives me truly positive energy. I have just purchased a 24-pack with a variety of flavors because I know I am going to enjoy them all.",1406004985907,Hazelnut Latte Super Coffee,Incredible!,Jay H.,true,4
I absolutely love this coffee and try not to have it on a daily basis....,1406004985907,Hazelnut Latte Super Coffee,Addicting,Amber M.,true,2
"This creamer makes my morning coffee the best part of my day. With just the right sweetness and creaminess, I have a perfect latte every day.",4447811764275,Sweet Cream Super Creamer,Morning treat,Julie O.,true,23
Absolutely a game changer if you are on a low carb diet. I began Keto and was discouraged with choices of creamers. I am a huge coffee drinker and was wasting carbs. I ran across this product at my local grocery store and gave it a try. Then I order the caramel and mocha super coffee in a can and was hooked! Worth every penny to me. These products rock!,4447811764275,Sweet Cream Super Creamer,Game Changer!,Jennifer P.,true,21
"I searched and searched for acceptable creamers when I started keto. All fell flat...powders, almond, coconut, you name it I tried it. These saved my love of (coffee) and creamer!! Yes more spendy than bad for you creamer....but the quality matches the price. Auto-ship is awesome, company has EXCELLENT communication! Love this so much I take it with me when I travel!",4447811764275,Sweet Cream Super Creamer,Travels with me!!,Pam,true,5
"Flavor and energy receive a 5 star rating. No matter how much I shake the drink before and during drinking, I can‚Äôt get some chunks to go away that either settle at the bottom or around the cap at the top. It just makes the last sip really chunky. I think it‚Äôs the protein though so I drink it up. Don‚Äôt want to waste any of the benefits of drinking these!",4534979297331,Caramel Latte Super Coffee,Delicious flavor but chunky,Sara D.,true,47
I look forward to getting up each morning to enjoy my super coffee! It taste great and is all natural with healthy ingredients.,4534979297331,Caramel Latte Super Coffee,Super Coffee Rocks!,Laurie L.,true,24
Love the low carbs,4534979297331,Caramel Latte Super Coffee,Love the low carbs,Dawn M.,true,21
"I love it!!!!!!!!! Not as much as Maple Pumpkin, but well, pumpkin.",1406039162931,Mocha Latte Super Coffee,Mocha Super Coffee,Janis B.,true,19
"Hands down, Super coffee is the best tasting bottled coffee out there that has this nutrition label. I am blown away. The taste is really good! Strong with a hint of sweet but not at all too sweet. I have been drinking these for about a year and a half and introduced many people to them as well. They all love it",1406039162931,Mocha Latte Super Coffee,Tastes so naughty but with out the harmful ingredients. Yumm,Amy E.,true,14
I just wanted to try it! I figured that it would just be something to try once but the taste is phenomenal! I‚Äôm not a fan of cold or iced coffee but I freeze it and drink it like a slush! I love it!,1406039162931,Mocha Latte Super Coffee,I just wanted to try,Natalie D.,true,13
"I just can‚Äôt say enough happiness and joy that I have found your products!!!
My last shipment arrived w one of my creamers leaking inside the box. Including photos‚Ä¶ guessing it was dropped during shipping. Other than that I‚Äôm so happy!",4721422794803,Deadline Maker,Love my order!,Barbara O.,true,0
Love the variety!! I absolutely love the creamers!! It&#x27;s such a great way to switch up your morning coffee!! Options are always the best way to start your day!,6588750495795,Super Creamer Variety Pack,Sarah J.,Sarah J.,true,0
Love the variety and the taste!,6588750495795,Super Creamer Variety Pack,Love the variety and the,Tom B.,true,0
Delicious üòã and creamy‚Ä¶with no worries‚Ä¶love it ‚ù§Ô∏è,6588750495795,Super Creamer Variety Pack,Delicious üòã and creamy‚Ä¶with no,Anthonya S.,true,0
I really like this product. I wish it was more readily available in all supermarkets! I like the lack of sweetness in the Original flavor.,4448172900403,Original Super Creamer,I love Original Super Creamer,Stefanie S.,true,26
I love this creamer.... it tastes like half and half but without the sugar and carbs.,4448172900403,Original Super Creamer,The best creamer,Linda H.,true,5
I have tried a few of their flavored creamers but the Original Super Creamer is hands down my fave. It&#x27;s creamy &amp; delicious!,4448172900403,Original Super Creamer,Love this!,Ivy P.,true,5
Love the taste,4672324927539,Vanilla Super Coffee Ground,Great taste,Carissa A.,true,3
I love Super Coffee! My GF loves it as well. I put the coffee in the pot and it brews before I wake up. My house gets filled with the lovely smell of Super Coffee. It&#x27;s how EVERY coffee drinker should begin their day!,4672324927539,Vanilla Super Coffee Ground,Awesome,Chris B.,true,2
The hype is real folks. Really good coffee with the benefits of being SUPER. Great no crash enrrgy,4672324927539,Vanilla Super Coffee Ground,Great Coffee Great energy!,Jeff N.,true,2
Great!,1406054072371,Vanilla Latte Super Coffee,Great!,Judy T.,true,11
I ABSOLUTELY LOVE your Super Coffee!!!! Very tasty and good for me too!!! :),1406054072371,Vanilla Latte Super Coffee,Vanilla Super Coffee,Mary S.,true,9
Love love love these coffees.. Gives me so much energy without a crash..,1406054072371,Vanilla Latte Super Coffee,Love love love these coffees..,Andrea S.,true,8
"I love this product, this company, their staff... this creamer has been a Keto dream. SO.GOOD.",4545131806771,Caramel Super Creamer,AMAZEBALLS,Amber P.,true,48
"This is the best keto creamer I&#x27;ve found out there. No clumping, no messy powders...just great taste, natural, healthy ingredients and terrifically priced. Win/win/win!",4545131806771,Caramel Super Creamer,GOTTA LOVE CARAMEL!,Elaine W.,true,9
Great flavor. Coffee is not the same without it.,4545131806771,Caramel Super Creamer,Great flavor. Coffee is not,Michael B.,true,2
